,exit_code,stdout,real_time,cpu_time
prog_myobf-latest-bogus,0,"b'Transformed Data:\n27 63 8 97 98 10 167 33 78 37 18 13 107 103 48 177 38 83 47 73 1 117 8 53 187 10 88 57 78 23 127 13 58 197 48 26 67 83 28 137 1 63 7 53 98 77 88 33 147 23 \nSum: 3321, Average: 66.42\nModified Data:\n25 61 10 95 100 12 165 31 80 35 20 11 105 101 50 175 40 81 45 71 -1 115 10 51 185 12 90 55 80 21 125 11 60 195 50 28 65 81 30 135 -1 61 5 51 100 75 90 31 145 21 \n'",0.05025875000865199,0.029155665999999858
prog_myobf-latest-flatten,0,"b'Transformed Data:\n27 63 8 97 98 10 167 33 78 37 18 13 107 103 48 177 38 83 47 73 1 117 8 53 187 10 88 57 78 23 127 13 58 197 48 26 67 83 28 137 1 63 7 53 98 77 88 33 147 23 \nSum: 3321, Average: 66.42\nModified Data:\n25 61 10 95 100 12 165 31 80 35 20 11 105 101 50 175 40 81 45 71 -1 115 10 51 185 12 90 55 80 21 125 11 60 195 50 28 65 81 30 135 -1 61 5 51 100 75 90 31 145 21 \n'",0.02513508399715647,0.004395290999999801
prog_myobf-latest-mba,0,"b'Transformed Data:\n27 63 8 97 98 10 167 33 78 37 18 13 107 103 48 177 38 83 47 73 1 117 8 53 187 10 88 57 78 23 127 13 58 197 48 26 67 83 28 137 1 63 7 53 98 77 88 33 147 23 \nSum: 3321, Average: 66.42\nModified Data:\n25 61 10 95 100 12 165 31 80 35 20 11 105 101 50 175 40 81 45 71 -1 115 10 51 185 12 90 55 80 21 125 11 60 195 50 28 65 81 30 135 -1 61 5 51 100 75 90 31 145 21 \n'",0.024770749994786456,0.002881665000000311
prog_myobf-latest-merge,0,"b'Transformed Data:\n27 63 8 97 98 10 167 33 78 37 18 13 107 103 48 177 38 83 47 73 1 117 8 53 187 10 88 57 78 23 127 13 58 197 48 26 67 83 28 137 1 63 7 53 98 77 88 33 147 23 \nSum: 3321, Average: 66.42\nModified Data:\n25 61 10 95 100 12 165 31 80 35 20 11 105 101 50 175 40 81 45 71 -1 115 10 51 185 12 90 55 80 21 125 11 60 195 50 28 65 81 30 135 -1 61 5 51 100 75 90 31 145 21 \n'",0.02883579100307543,0.003007208999999733
prog_myobf-latest-orig,0,"b'Transformed Data:\n27 63 8 97 98 10 167 33 78 37 18 13 107 103 48 177 38 83 47 73 1 117 8 53 187 10 88 57 78 23 127 13 58 197 48 26 67 83 28 137 1 63 7 53 98 77 88 33 147 23 \nSum: 3321, Average: 66.42\nModified Data:\n25 61 10 95 100 12 165 31 80 35 20 11 105 101 50 175 40 81 45 71 -1 115 10 51 185 12 90 55 80 21 125 11 60 195 50 28 65 81 30 135 -1 61 5 51 100 75 90 31 145 21 \n'",0.02401737500622403,0.003928625999999991
