,exit_code,stdout,real_time,cpu_time
prog_myobf-latest-bogus,0,b'Real: 2349.00 -264.98 -415.00 -129.57 -321.00 1004.98 -733.00 -1170.43 \nImaginary: 6038.00 1343.05 -560.00 378.35 -916.00 58.95 1394.00 -88.35 \n',0.032596792007097974,0.01555537600000001
prog_myobf-latest-flatten,0,b'Real: 2349.00 -264.98 -415.00 -129.57 -321.00 1004.98 -733.00 -1170.43 \nImaginary: 6038.00 1343.05 -560.00 378.35 -916.00 58.95 1394.00 -88.35 \n',0.024564499995904043,0.0037250420000001228
prog_myobf-latest-mba,0,b'Real: 2349.00 -264.98 -415.00 -129.57 -321.00 1004.98 -733.00 -1170.43 \nImaginary: 6038.00 1343.05 -560.00 378.35 -916.00 58.95 1394.00 -88.35 \n',0.024141542002325878,0.002842000000000011
prog_myobf-latest-merge,0,b'Real: 2349.00 -264.98 -415.00 -129.57 -321.00 1004.98 -733.00 -1170.43 \nImaginary: 6038.00 1343.05 -560.00 378.35 -916.00 58.95 1394.00 -88.35 \n',0.023127749998820946,0.0031172900000000503
prog_myobf-latest-orig,0,b'Real: 2349.00 -264.98 -415.00 -129.57 -321.00 1004.98 -733.00 -1170.43 \nImaginary: 6038.00 1343.05 -560.00 378.35 -916.00 58.95 1394.00 -88.35 \n',0.02737754100235179,0.0030541679999998017
