,exit_code,stdout,real_time,cpu_time
prog_myobf-latest-bogus,0,b'Flags: 4095\nProcessed Data:\n42 36 72 34 212 21 16 12 411 52 36 159 34 180 12 24 3108 141 8 36 51 102 12 411 90 108 69 56 84 30 56 664 \nChecksum: -11059\n',0.021908457987592556,0.003270792999999994
prog_myobf-latest-flatten,0,b'Flags: 4095\nProcessed Data:\n42 36 72 34 212 21 16 12 411 52 36 159 34 180 12 24 3108 141 8 36 51 102 12 411 90 108 69 56 84 30 56 664 \nChecksum: -11059\n',0.021453417008160613,0.0028332929999999035
prog_myobf-latest-mba,0,b'Flags: 4095\nProcessed Data:\n42 36 72 34 212 21 16 12 411 52 36 159 34 180 12 24 3108 141 8 36 51 102 12 411 90 108 69 56 84 30 56 664 \nChecksum: -11059\n',0.021368333997088484,0.002992126000000095
prog_myobf-latest-merge,0,b'Flags: 4095\nProcessed Data:\n42 36 72 34 212 21 16 12 411 52 36 159 34 180 12 24 3108 141 8 36 51 102 12 411 90 108 69 56 84 30 56 664 \nChecksum: -11059\n',0.021466042002430186,0.002938499999999955
prog_myobf-latest-orig,0,b'Flags: 4095\nProcessed Data:\n42 36 72 34 212 21 16 12 411 52 36 159 34 180 12 24 3108 141 8 36 51 102 12 411 90 108 69 56 84 30 56 664 \nChecksum: -11059\n',0.02236983300826978,0.003994875000000064
